{
    "ham": {
        "precision": 0.991578947368421,
        "recall": 0.9751552795031055,
        "f1-score": 0.9832985386221295,
        "support": 966.0
    },
    "spam": {
        "precision": 0.8545454545454545,
        "recall": 0.9463087248322147,
        "f1-score": 0.8980891719745223,
        "support": 149.0
    },
    "accuracy": 0.9713004484304932,
    "macro avg": {
        "precision": 0.9230622009569378,
        "recall": 0.9607320021676602,
        "f1-score": 0.9406938552983259,
        "support": 1115.0
    },
    "weighted avg": {
        "precision": 0.9732668483275044,
        "recall": 0.9713004484304932,
        "f1-score": 0.9719118160835702,
        "support": 1115.0
    }
}